feature,importance
dayofweek,0.1184848
month,0.10072783
macd_signal,0.06850191
dist_sma_50,0.068287574
vol_ratio,0.06825364
volatility_20,0.06465096
bb_width,0.061883938
ret_20,0.06052774
macd,0.05776356
macd_diff,0.05140912
dist_sma_20,0.049087305
rsi,0.044348106
dist_sma_10,0.0417001
bb_position,0.04139755
ret_10,0.038605977
ret_5,0.035813197
ret_1,0.028556673
