feature,importance
month,0.25971106
macd_signal,0.12894805
bb_width,0.08412811
macd,0.078498475
macd_diff,0.07672758
volatility_20,0.070969485
rsi,0.04829491
dist_sma_50,0.046637207
dist_sma_10,0.03550416
dist_sma_20,0.03452339
bb_position,0.033344544
ret_20,0.029657042
ret_10,0.023841055
ret_5,0.018202472
vol_ratio,0.015849989
ret_1,0.00855393
dayofweek,0.0066085095
